,Week,ILI,Queries,logILI,logILI2,logILI3,Queries1,Queries2
0,2004-01-04 - 2004-01-10,2.418331218,0.237715804,0.8830777229605604,,,,
1,2004-01-11 - 2004-01-17,1.809055973,0.220451527,0.5928051473385735,,,0.237715804,
2,2004-01-18 - 2004-01-24,1.712023853,0.225763612,0.5376762104495922,0.8830777229605604,,0.220451527,0.237715804
3,2004-01-25 - 2004-01-31,1.542495115,0.237715804,0.4334013098556001,0.5928051473385735,0.8830777229605604,0.225763612,0.220451527
4,2004-02-01 - 2004-02-07,1.437868261,0.224435591,0.3631616424456919,0.5376762104495922,0.5928051473385735,0.237715804,0.225763612
5,2004-02-08 - 2004-02-14,1.32427397,0.207171314,0.28086436209046145,0.4334013098556001,0.5376762104495922,0.224435591,0.237715804
6,2004-02-15 - 2004-02-21,1.307256674,0.241699867,0.26793079944694703,0.3631616424456919,0.4334013098556001,0.207171314,0.224435591
7,2004-02-22 - 2004-02-28,1.036976977,0.216467463,0.036309727458020254,0.28086436209046145,0.3631616424456919,0.241699867,0.207171314
8,2004-02-29 - 2004-03-06,1.010320438,0.225763612,0.010267545881695105,0.26793079944694703,0.28086436209046145,0.216467463,0.241699867
9,2004-03-07 - 2004-03-13,1.052492479,0.199203187,0.05116114070563745,0.036309727458020254,0.26793079944694703,0.225763612,0.216467463
10,2004-03-14 - 2004-03-20,1.020090073,0.134130146,0.01989093026010332,0.010267545881695105,0.036309727458020254,0.199203187,0.225763612
11,2004-03-21 - 2004-03-27,0.924418721,0.13811420900000002,-0.07859014873159434,0.05116114070563745,0.010267545881695105,0.134130146,0.199203187
12,2004-03-28 - 2004-04-03,0.7906450270000001,0.14077025199999998,-0.2349061767941806,0.01989093026010332,0.05116114070563745,0.13811420900000002,0.134130146
13,2004-04-04 - 2004-04-10,0.8026097759999999,0.08233731700000001,-0.2198866408098458,-0.07859014873159434,0.01989093026010332,0.14077025199999998,0.13811420900000002
14,2004-04-11 - 2004-04-17,0.836129995,0.075697211,-0.1789711815742661,-0.2349061767941806,-0.07859014873159434,0.08233731700000001,0.14077025199999998
15,2004-04-18 - 2004-04-24,0.7924357959999999,0.071713147,-0.23264379102359525,-0.2198866408098458,-0.2349061767941806,0.075697211,0.08233731700000001
16,2004-04-25 - 2004-05-01,0.6835877309999999,0.066401062,-0.3804002755319551,-0.1789711815742661,-0.2198866408098458,0.071713147,0.075697211
17,2004-05-02 - 2004-05-08,0.757452265,0.061088978,-0.2777947600858862,-0.23264379102359525,-0.1789711815742661,0.066401062,0.071713147
18,2004-05-09 - 2004-05-15,0.788585419,0.046480743,-0.2375145474381804,-0.3804002755319551,-0.23264379102359525,0.061088978,0.066401062
19,2004-05-16 - 2004-05-22,0.812170981,0.046480743,-0.20804439325274268,-0.2777947600858862,-0.3804002755319551,0.046480743,0.061088978
20,2004-05-23 - 2004-05-29,0.8044628890000001,0.049136786,-0.21758044288652695,-0.2375145474381804,-0.2777947600858862,0.046480743,0.046480743
21,2004-05-30 - 2004-06-05,0.877700936,0.051792829000000006,-0.13044936296102666,-0.20804439325274268,-0.2375145474381804,0.049136786,0.046480743
22,2004-06-06 - 2004-06-12,0.741453008,0.055776892,-0.2991434936537849,-0.21758044288652695,-0.20804439325274268,0.051792829000000006,0.049136786
23,2004-06-13 - 2004-06-19,0.661022215,0.061088978,-0.4139678315257523,-0.13044936296102666,-0.21758044288652695,0.055776892,0.051792829000000006
24,2004-06-20 - 2004-06-26,0.715109201,0.06772908400000001,-0.3353200192786369,-0.2991434936537849,-0.13044936296102666,0.061088978,0.055776892
25,2004-06-27 - 2004-07-03,0.562241232,0.047808765,-0.5758242827507457,-0.4139678315257523,-0.2991434936537849,0.06772908400000001,0.061088978
26,2004-07-04 - 2004-07-10,0.786808218,0.051792829000000006,-0.2397707476819224,-0.3353200192786369,-0.4139678315257523,0.047808765,0.06772908400000001
27,2004-07-11 - 2004-07-17,0.860657847,0.04249668,-0.15005824377873636,-0.5758242827507457,-0.3353200192786369,0.051792829000000006,0.047808765
28,2004-07-18 - 2004-07-24,0.689943988,0.046480743,-0.37114486149744186,-0.2397707476819224,-0.5758242827507457,0.04249668,0.051792829000000006
29,2004-07-25 - 2004-07-31,0.77969116,0.050464807,-0.2488573864248397,-0.15005824377873636,-0.2397707476819224,0.046480743,0.04249668
30,2004-08-01 - 2004-08-07,0.6281439329999999,0.054448872,-0.46498594609940797,-0.37114486149744186,-0.15005824377873636,0.050464807,0.046480743
31,2004-08-08 - 2004-08-14,0.902458614,0.05312085,-0.1026324468902802,-0.2488573864248397,-0.37114486149744186,0.054448872,0.050464807
32,2004-08-15 - 2004-08-21,0.8064431670000001,0.041168659,-0.2151218525917868,-0.46498594609940797,-0.2488573864248397,0.05312085,0.054448872
33,2004-08-22 - 2004-08-28,0.874887765,0.049136786,-0.13365966942306795,-0.1026324468902802,-0.46498594609940797,0.041168659,0.05312085
34,2004-08-29 - 2004-09-04,0.993213044,0.098273572,-0.00681009212788243,-0.2151218525917868,-0.1026324468902802,0.049136786,0.041168659
35,2004-09-05 - 2004-09-11,0.876140758,0.111553785,-0.1322285183054178,-0.13365966942306795,-0.2151218525917868,0.098273572,0.049136786
36,2004-09-12 - 2004-09-18,0.948091564,0.154050465,-0.05330419489340035,-0.00681009212788243,-0.13365966942306795,0.111553785,0.098273572
37,2004-09-19 - 2004-09-25,0.926942621,0.197875167,-0.07586361285089058,-0.1322285183054178,-0.00681009212788243,0.154050465,0.111553785
38,2004-09-26 - 2004-10-02,0.971643,0.260292165,-0.0287668259375852,-0.05330419489340035,-0.1322285183054178,0.197875167,0.154050465
39,2004-10-03 - 2004-10-09,0.897159138,0.322709164,-0.10852202128763967,-0.07586361285089058,-0.05330419489340035,0.260292165,0.197875167
40,2004-10-10 - 2004-10-16,1.022482794,0.377158034,0.022233781409374747,-0.0287668259375852,-0.07586361285089058,0.322709164,0.260292165
41,2004-10-17 - 2004-10-23,1.062963178,0.378486056,0.06106045906087741,-0.10852202128763967,-0.0287668259375852,0.377158034,0.322709164
42,2004-10-24 - 2004-10-30,1.146956981,0.31208499300000003,0.13711233177692125,0.022233781409374747,-0.10852202128763967,0.378486056,0.377158034
43,2004-10-31 - 2004-11-06,1.204950065,0.282868527,0.1864381262499398,0.06106045906087741,0.022233781409374747,0.31208499300000003,0.378486056
44,2004-11-07 - 2004-11-13,1.305165503,0.28552456800000003,0.2663298549556208,0.13711233177692125,0.06106045906087741,0.282868527,0.31208499300000003
45,2004-11-14 - 2004-11-20,1.286991647,0.305444886,0.2523074383054373,0.1864381262499398,0.13711233177692125,0.28552456800000003,0.282868527
46,2004-11-21 - 2004-11-27,1.5946756169999998,0.252324037,0.4666703406316939,0.2663298549556208,0.1864381262499398,0.305444886,0.28552456800000003
47,2004-11-28 - 2004-12-04,1.397143182,0.34130146,0.33442956750672304,0.2523074383054373,0.2663298549556208,0.252324037,0.305444886
48,2004-12-05 - 2004-12-11,1.449956726,0.324037184,0.3715337118492068,0.4666703406316939,0.2523074383054373,0.34130146,0.252324037
49,2004-12-12 - 2004-12-18,1.617454456,0.355909695,0.4808535899640444,0.33442956750672304,0.4666703406316939,0.324037184,0.34130146
50,2004-12-19 - 2004-12-25,2.191119208,0.42629482,0.7844124671661278,0.3715337118492068,0.33442956750672304,0.355909695,0.324037184
51,2004-12-26 - 2005-01-01,2.566489315,0.545816733,0.9425389397521999,0.4808535899640444,0.3715337118492068,0.42629482,0.355909695
52,2005-01-02 - 2005-01-08,2.176449094,0.4541832670000001,0.7776946928095133,0.7844124671661278,0.4808535899640444,0.545816733,0.42629482
53,2005-01-09 - 2005-01-15,2.201712061,0.354581673,0.7892352672616819,0.9425389397521999,0.7844124671661278,0.4541832670000001,0.545816733
54,2005-01-16 - 2005-01-22,2.530121136,0.389110226,0.9282671814351232,0.7776946928095133,0.9425389397521999,0.354581673,0.4541832670000001
55,2005-01-23 - 2005-01-29,3.065238098,0.423638779,1.1201252492421423,0.7892352672616819,0.7776946928095133,0.389110226,0.354581673
56,2005-01-30 - 2005-02-05,3.980608301,0.515272245,1.3814346470648242,0.9282671814351232,0.7892352672616819,0.423638779,0.389110226
57,2005-02-06 - 2005-02-12,4.595680265,0.598937583,1.5251167894638389,1.1201252492421423,0.9282671814351232,0.515272245,0.423638779
58,2005-02-13 - 2005-02-19,4.75197055,0.427622842,1.5585593846505676,1.3814346470648242,1.1201252492421423,0.598937583,0.515272245
59,2005-02-20 - 2005-02-26,4.179620642,0.422310757,1.4302204869157429,1.5251167894638389,1.3814346470648242,0.427622842,0.598937583
60,2005-02-27 - 2005-03-05,3.45358511,0.361221779,1.2394128538067046,1.5585593846505676,1.5251167894638389,0.422310757,0.427622842
61,2005-03-06 - 2005-03-12,3.158522375,0.37184595,1.1501043153904151,1.4302204869157429,1.5585593846505676,0.361221779,0.422310757
62,2005-03-13 - 2005-03-19,2.673201033,0.265604249,0.9832766430829544,1.2394128538067046,1.4302204869157429,0.37184595,0.361221779
63,2005-03-20 - 2005-03-26,2.351610407,0.33067729100000004,0.8551003730337039,1.1501043153904151,1.2394128538067046,0.265604249,0.37184595
64,2005-03-27 - 2005-04-02,1.892428492,0.21381142,0.6378609206750431,0.9832766430829544,1.1501043153904151,0.33067729100000004,0.265604249
65,2005-04-03 - 2005-04-09,1.524904773,0.207171314,0.4219319641752451,0.8551003730337039,0.9832766430829544,0.21381142,0.33067729100000004
66,2005-04-10 - 2005-04-16,1.411344095,0.15936255,0.3445425091926297,0.6378609206750431,0.8551003730337039,0.207171314,0.21381142
67,2005-04-17 - 2005-04-23,1.250682562,0.156706507,0.22368945188337652,0.4219319641752451,0.6378609206750431,0.15936255,0.207171314
68,2005-04-24 - 2005-04-30,1.207024978,0.122177954,0.18815863618461784,0.3445425091926297,0.4219319641752451,0.156706507,0.15936255
69,2005-05-01 - 2005-05-07,1.078954965,0.146082338,0.0759929476848436,0.22368945188337652,0.3445425091926297,0.122177954,0.156706507
70,2005-05-08 - 2005-05-14,1.1452079590000002,0.104913678,0.1355862440954234,0.18815863618461784,0.22368945188337652,0.146082338,0.122177954
71,2005-05-15 - 2005-05-21,1.061242631,0.11686587,0.059440514920843686,0.0759929476848436,0.18815863618461784,0.104913678,0.146082338
72,2005-05-22 - 2005-05-28,1.056797738,0.098273572,0.055243333799766516,0.1355862440954234,0.0759929476848436,0.11686587,0.104913678
73,2005-05-29 - 2005-06-04,1.25193098,0.078353254,0.2246871433627869,0.059440514920843686,0.1355862440954234,0.098273572,0.11686587
74,2005-06-05 - 2005-06-11,1.014189346,0.073041168,0.014089619492211297,0.055243333799766516,0.059440514920843686,0.078353254,0.098273572
75,2005-06-12 - 2005-06-18,1.041969283,0.083665339,0.041112464009908034,0.2246871433627869,0.055243333799766516,0.073041168,0.078353254
76,2005-06-19 - 2005-06-25,0.954027367,0.065073041,-0.04706292136249343,0.014089619492211297,0.2246871433627869,0.083665339,0.073041168
77,2005-06-26 - 2005-07-02,0.84822989,0.066401062,-0.16460358323219065,0.041112464009908034,0.014089619492211297,0.065073041,0.083665339
78,2005-07-03 - 2005-07-09,0.841871513,0.073041168,-0.17212787377114966,-0.04706292136249343,0.041112464009908034,0.066401062,0.065073041
79,2005-07-10 - 2005-07-16,0.730893626,0.08499336,-0.31348734828905034,-0.16460358323219065,-0.04706292136249343,0.073041168,0.066401062
80,2005-07-17 - 2005-07-23,0.7134316190000001,0.090305445,-0.3376686854807842,-0.17212787377114966,-0.16460358323219065,0.08499336,0.073041168
81,2005-07-24 - 2005-07-30,0.6706771810000001,0.096945552,-0.3994673591181189,-0.31348734828905034,-0.17212787377114966,0.090305445,0.08499336
82,2005-07-31 - 2005-08-06,0.689277592,0.115537848,-0.3721111979607344,-0.3376686854807842,-0.31348734828905034,0.096945552,0.090305445
83,2005-08-07 - 2005-08-13,0.70492899,0.132802125,-0.3496582046470665,-0.3994673591181189,-0.3376686854807842,0.115537848,0.096945552
84,2005-08-14 - 2005-08-20,0.615903314,0.135458167,-0.4846652855599885,-0.3721111979607344,-0.3994673591181189,0.132802125,0.115537848
85,2005-08-21 - 2005-08-27,0.6094256060000001,0.130146083,-0.4952383949345425,-0.3496582046470665,-0.3721111979607344,0.135458167,0.132802125
86,2005-08-28 - 2005-09-03,0.68025867,0.14077025199999998,-0.3852821560857795,-0.4846652855599885,-0.3496582046470665,0.130146083,0.135458167
87,2005-09-04 - 2005-09-10,0.7754884259999999,0.13811420900000002,-0.25426222104171303,-0.4952383949345425,-0.4846652855599885,0.14077025199999998,0.130146083
88,2005-09-11 - 2005-09-17,0.68342137,0.150066401,-0.3806436696698573,-0.3852821560857795,-0.4952383949345425,0.13811420900000002,0.14077025199999998
89,2005-09-18 - 2005-09-24,0.781074795,0.177954847,-0.2470843654820981,-0.25426222104171303,-0.3852821560857795,0.150066401,0.13811420900000002
90,2005-09-25 - 2005-10-01,0.8069434670000001,0.301460823,-0.21450166644980107,-0.3806436696698573,-0.25426222104171303,0.177954847,0.150066401
91,2005-10-02 - 2005-10-08,1.076346784,0.296148739,0.07357269977816408,-0.2470843654820981,-0.3806436696698573,0.301460823,0.177954847
92,2005-10-09 - 2005-10-15,1.058688964,0.305444886,0.0570313162078313,-0.21450166644980107,-0.2470843654820981,0.296148739,0.301460823
93,2005-10-16 - 2005-10-22,1.115232584,0.253652059,0.10906297867475767,0.07357269977816408,-0.21450166644980107,0.305444886,0.296148739
94,2005-10-23 - 2005-10-29,1.123812497,0.282868527,0.116726919940235,0.0570313162078313,0.07357269977816408,0.253652059,0.305444886
95,2005-10-30 - 2005-11-05,1.254889179,0.300132802,0.2270472650990988,0.10906297867475767,0.0570313162078313,0.282868527,0.253652059
96,2005-11-06 - 2005-11-12,1.336608972,0.227091633,0.29013578862654577,0.116726919940235,0.10906297867475767,0.300132802,0.282868527
97,2005-11-13 - 2005-11-19,1.378636362,0.322709164,0.3210948671552302,0.2270472650990988,0.116726919940235,0.227091633,0.300132802
98,2005-11-20 - 2005-11-26,1.608289961,0.289508633,0.4751714785053306,0.29013578862654577,0.2270472650990988,0.322709164,0.227091633
99,2005-11-27 - 2005-12-03,1.4831056219999998,0.314741035,0.39413828246724575,0.3210948671552302,0.29013578862654577,0.289508633,0.322709164
100,2005-12-04 - 2005-12-10,1.653739929,0.35325365200000003,0.5030393466325672,0.4751714785053306,0.3210948671552302,0.314741035,0.289508633
101,2005-12-11 - 2005-12-17,2.006789242,0.399734395,0.6965360528402214,0.39413828246724575,0.4751714785053306,0.35325365200000003,0.314741035
102,2005-12-18 - 2005-12-24,2.568571608,0.395750332,0.9433499498435534,0.5030393466325672,0.39413828246724575,0.399734395,0.35325365200000003
103,2005-12-25 - 2005-12-31,3.052776224,0.487383798,1.1160514139815434,0.6965360528402214,0.5030393466325672,0.395750332,0.399734395
104,2006-01-01 - 2006-01-07,2.425037296,0.487383798,0.885846904064993,0.9433499498435534,0.6965360528402214,0.487383798,0.395750332
105,2006-01-08 - 2006-01-14,2.001950645,0.386454183,0.6941220277419895,1.1160514139815434,0.9433499498435534,0.487383798,0.487383798
106,2006-01-15 - 2006-01-21,2.058690224,0.34794156600000004,0.7220699669940761,0.885846904064993,1.1160514139815434,0.386454183,0.487383798
107,2006-01-22 - 2006-01-28,2.212769677,0.363877822,0.7942449783818243,0.6941220277419895,0.885846904064993,0.34794156600000004,0.386454183
108,2006-01-29 - 2006-02-04,2.322200097,0.401062417,0.8425150539815025,0.7220699669940761,0.6941220277419895,0.363877822,0.34794156600000004
109,2006-02-05 - 2006-02-11,2.4927920130000003,0.367861885,0.9134033726615598,0.7942449783818243,0.7220699669940761,0.401062417,0.363877822
110,2006-02-12 - 2006-02-18,2.794894202,0.369189907,1.0277942532967173,0.8425150539815025,0.7942449783818243,0.367861885,0.401062417
111,2006-02-19 - 2006-02-25,2.969111362,0.387782205,1.0882627033301426,0.9134033726615598,0.8425150539815025,0.369189907,0.367861885
112,2006-02-26 - 2006-03-04,2.839590546,0.301460823,1.0436598678353908,1.0277942532967173,0.9134033726615598,0.387782205,0.369189907
113,2006-03-05 - 2006-03-11,2.777990206,0.28552456800000003,1.021727718767982,1.0882627033301426,1.0277942532967173,0.301460823,0.387782205
114,2006-03-12 - 2006-03-18,2.472869266,0.28818061100000003,0.9053791226049008,1.0436598678353908,1.0882627033301426,0.28552456800000003,0.301460823
115,2006-03-19 - 2006-03-25,2.180614596,0.290836653,0.7796067618383193,1.021727718767982,1.0436598678353908,0.28818061100000003,0.28552456800000003
116,2006-03-26 - 2006-04-01,2.016795135,0.235059761,0.7015096846514562,0.9053791226049008,1.021727718767982,0.290836653,0.28818061100000003
117,2006-04-02 - 2006-04-08,1.641013321,0.184594953,0.4953139296862189,0.7796067618383193,0.9053791226049008,0.235059761,0.290836653
118,2006-04-09 - 2006-04-15,1.358286534,0.17928286899999998,0.3062240039342485,0.7015096846514562,0.7796067618383193,0.184594953,0.235059761
119,2006-04-16 - 2006-04-22,1.142798278,0.187250996,0.13347988454800433,0.4953139296862189,0.7015096846514562,0.17928286899999998,0.184594953
120,2006-04-23 - 2006-04-29,1.040312519,0.14077025199999998,0.03952116705094972,0.3062240039342485,0.4953139296862189,0.187250996,0.17928286899999998
121,2006-04-30 - 2006-05-06,0.964346915,0.163346614,-0.0363041787774381,0.13347988454800433,0.3062240039342485,0.14077025199999998,0.187250996
122,2006-05-07 - 2006-05-13,0.937981747,0.12749004,-0.06402478965352358,0.03952116705094972,0.13347988454800433,0.163346614,0.14077025199999998
123,2006-05-14 - 2006-05-20,0.94744934,0.131474103,-0.05398181047343725,-0.0363041787774381,0.03952116705094972,0.12749004,0.163346614
124,2006-05-21 - 2006-05-27,0.891918208,0.135458167,-0.11438084567364196,-0.06402478965352358,-0.0363041787774381,0.131474103,0.12749004
125,2006-05-28 - 2006-06-03,0.8646426840000001,0.144754316,-0.1454389394730882,-0.05398181047343725,-0.06402478965352358,0.135458167,0.131474103
126,2006-06-04 - 2006-06-10,0.970319902,0.132802125,-0.030129465979126,-0.11438084567364196,-0.05398181047343725,0.144754316,0.135458167
127,2006-06-11 - 2006-06-17,0.84439012,0.107569721,-0.16914066369224612,-0.1454389394730882,-0.11438084567364196,0.132802125,0.144754316
128,2006-06-18 - 2006-06-24,0.7748703579999999,0.110225764,-0.25505954362164984,-0.030129465979126,-0.1454389394730882,0.107569721,0.132802125
129,2006-06-25 - 2006-07-01,0.821372487,0.107569721,-0.19677857327266607,-0.16914066369224612,-0.030129465979126,0.110225764,0.107569721
130,2006-07-02 - 2006-07-08,0.872744512,0.102257636,-0.13611242118634115,-0.25505954362164984,-0.16914066369224612,0.107569721,0.110225764
131,2006-07-09 - 2006-07-15,0.922634501,0.103585658,-0.0805221131533154,-0.19677857327266607,-0.25505954362164984,0.102257636,0.107569721
132,2006-07-16 - 2006-07-22,0.899486835,0.08233731700000001,-0.10593086160749343,-0.13611242118634115,-0.19677857327266607,0.103585658,0.102257636
133,2006-07-23 - 2006-07-29,0.843082379,0.08897742300000001,-0.17069060452100104,-0.0805221131533154,-0.13611242118634115,0.08233731700000001,0.103585658
134,2006-07-30 - 2006-08-05,0.8818244129999999,0.065073041,-0.1257623210253398,-0.10593086160749343,-0.0805221131533154,0.08897742300000001,0.08233731700000001
135,2006-08-06 - 2006-08-12,0.81714517,0.078353254,-0.20193851324803205,-0.17069060452100104,-0.10593086160749343,0.065073041,0.08897742300000001
136,2006-08-13 - 2006-08-19,0.871500093,0.08897742300000001,-0.13753930730950262,-0.1257623210253398,-0.17069060452100104,0.078353254,0.065073041
137,2006-08-20 - 2006-08-26,0.738620506,0.112881807,-0.3029710136130274,-0.20193851324803205,-0.1257623210253398,0.08897742300000001,0.078353254
138,2006-08-27 - 2006-09-02,0.797965969,0.108897742,-0.2256893278050761,-0.13753930730950262,-0.20193851324803205,0.112881807,0.08897742300000001
139,2006-09-03 - 2006-09-09,1.013937306,0.12881806099999998,0.013841074855169971,-0.3029710136130274,-0.13753930730950262,0.108897742,0.112881807
140,2006-09-10 - 2006-09-16,0.880935822,0.132802125,-0.12677050246445173,-0.2256893278050761,-0.3029710136130274,0.12881806099999998,0.108897742
141,2006-09-17 - 2006-09-23,0.943366301,0.219123506,-0.058300629567095474,0.013841074855169971,-0.2256893278050761,0.132802125,0.12881806099999998
142,2006-09-24 - 2006-09-30,0.891546176,0.208499336,-0.11479804717060915,-0.12677050246445173,0.013841074855169971,0.219123506,0.132802125
143,2006-10-01 - 2006-10-07,1.203222814,0.223107569,0.18500363513740234,-0.058300629567095474,-0.12677050246445173,0.208499336,0.219123506
144,2006-10-08 - 2006-10-14,1.057882157,0.235059761,0.056268944434851705,-0.11479804717060915,-0.058300629567095474,0.223107569,0.208499336
145,2006-10-15 - 2006-10-21,1.130535435,0.205843294,0.12269135678247292,0.18500363513740234,-0.11479804717060915,0.235059761,0.223107569
146,2006-10-22 - 2006-10-28,1.125522984,0.258964143,0.11824780230229845,0.056268944434851705,0.18500363513740234,0.205843294,0.235059761
147,2006-10-29 - 2006-11-04,1.208082024,0.26162018600000003,0.18903399786972933,0.12269135678247292,0.056268944434851705,0.258964143,0.205843294
148,2006-11-05 - 2006-11-11,1.349524402,0.305444886,0.2997522355651264,0.11824780230229845,0.12269135678247292,0.26162018600000003,0.258964143
149,2006-11-12 - 2006-11-18,1.468900417,0.346613546,0.3845141052410928,0.18903399786972933,0.11824780230229845,0.305444886,0.26162018600000003
150,2006-11-19 - 2006-11-25,1.827671589,0.28818061100000003,0.6030428009838062,0.2997522355651264,0.18903399786972933,0.346613546,0.305444886
151,2006-11-26 - 2006-12-02,1.665601242,0.33997344,0.5101861645555228,0.3845141052410928,0.2997522355651264,0.28818061100000003,0.346613546
152,2006-12-03 - 2006-12-09,1.859683428,0.355909695,0.6204062732394463,0.6030428009838062,0.3845141052410928,0.33997344,0.28818061100000003
153,2006-12-10 - 2006-12-16,2.388913017,0.363877822,0.8708384578859264,0.5101861645555228,0.6030428009838062,0.355909695,0.33997344
154,2006-12-17 - 2006-12-23,2.7897759310000003,0.402390438,1.0259612811386016,0.6204062732394463,0.5101861645555228,0.363877822,0.355909695
155,2006-12-24 - 2006-12-30,3.115485849,0.494023904,1.1363851108637548,0.8708384578859264,0.6204062732394463,0.402390438,0.363877822
156,2006-12-31 - 2007-01-06,2.269424471,0.54183267,0.8195262623429659,1.0259612811386016,0.8708384578859264,0.494023904,0.402390438
157,2007-01-07 - 2007-01-13,1.863546429,0.431606906,0.6224813545718001,1.1363851108637548,1.0259612811386016,0.54183267,0.494023904
158,2007-01-14 - 2007-01-20,1.999863456,0.403718459,0.6930789062293062,0.8195262623429659,1.1363851108637548,0.431606906,0.54183267
159,2007-01-21 - 2007-01-27,2.440604413,0.387782205,0.8922457188758948,0.6224813545718001,0.8195262623429659,0.403718459,0.431606906
160,2007-01-28 - 2007-02-03,2.83018207,0.45683931,1.0403410452747406,0.6930789062293062,0.6224813545718001,0.387782205,0.403718459
161,2007-02-04 - 2007-02-10,3.123425582,0.405046481,1.1389303424715689,0.8922457188758948,0.6930789062293062,0.45683931,0.387782205
162,2007-02-11 - 2007-02-17,3.270194869,0.440903055,1.1848495760999325,1.0403410452747406,0.8922457188758948,0.405046481,0.45683931
163,2007-02-18 - 2007-02-24,3.177568825,0.398406375,1.1561163839570447,1.1389303424715689,1.0403410452747406,0.440903055,0.405046481
164,2007-02-25 - 2007-03-03,2.723636624,0.335989376,1.001967981444769,1.1848495760999325,1.1389303424715689,0.398406375,0.440903055
165,2007-03-04 - 2007-03-10,2.502013987,0.324037184,0.9170960023568312,1.1561163839570447,1.1848495760999325,0.335989376,0.398406375
166,2007-03-11 - 2007-03-17,2.427199199,0.281540504,0.8867379996021884,1.001967981444769,1.1561163839570447,0.324037184,0.335989376
167,2007-03-18 - 2007-03-24,1.960413237,0.264276229,0.6731552862238892,0.9170960023568312,1.001967981444769,0.281540504,0.324037184
168,2007-03-25 - 2007-03-31,1.591397961,0.258964143,0.4646128506986945,0.8867379996021884,0.9170960023568312,0.264276229,0.281540504
169,2007-04-01 - 2007-04-07,1.3697835369999998,0.227091633,0.3146527251665914,0.6731552862238892,0.8867379996021884,0.258964143,0.264276229
170,2007-04-08 - 2007-04-14,1.36316678,0.240371847,0.3098105076645267,0.4646128506986945,0.6731552862238892,0.227091633,0.258964143
171,2007-04-15 - 2007-04-21,1.173695075,0.219123506,0.16015695598324672,0.3146527251665914,0.4646128506986945,0.240371847,0.227091633
172,2007-04-22 - 2007-04-28,1.063575629,0.187250996,0.06163646643484823,0.3098105076645267,0.3146527251665914,0.219123506,0.240371847
173,2007-04-29 - 2007-05-05,0.969711104,0.175298805,-0.030757082772982492,0.16015695598324672,0.3098105076645267,0.187250996,0.219123506
174,2007-05-06 - 2007-05-12,0.965361741,0.134130146,-0.035252386746138245,0.06163646643484823,0.16015695598324672,0.175298805,0.187250996
175,2007-05-13 - 2007-05-19,0.856748915,0.146082338,-0.15461038464199367,-0.030757082772982492,0.06163646643484823,0.134130146,0.175298805
176,2007-05-20 - 2007-05-26,0.8633464590000001,0.120849934,-0.14693920959733142,-0.035252386746138245,-0.030757082772982492,0.146082338,0.134130146
177,2007-05-27 - 2007-06-02,0.935369512,0.124833997,-0.06681362776440156,-0.15461038464199367,-0.035252386746138245,0.120849934,0.146082338
178,2007-06-03 - 2007-06-09,0.745569435,0.126162019,-0.2936070102814978,-0.14693920959733142,-0.15461038464199367,0.124833997,0.120849934
179,2007-06-10 - 2007-06-16,0.7404281090000001,0.092961487,-0.30052673438970984,-0.06681362776440156,-0.14693920959733142,0.126162019,0.124833997
180,2007-06-17 - 2007-06-23,0.672896505,0.103585658,-0.3961637427380452,-0.2936070102814978,-0.06681362776440156,0.092961487,0.126162019
181,2007-06-24 - 2007-06-30,0.666282009,0.08897742300000001,-0.4060422611289316,-0.30052673438970984,-0.2936070102814978,0.103585658,0.092961487
182,2007-07-01 - 2007-07-07,0.662747255,0.08897742300000001,-0.4113615756548501,-0.3961637427380452,-0.30052673438970984,0.08897742300000001,0.103585658
183,2007-07-08 - 2007-07-14,0.545618971,0.099601593,-0.6058344021629499,-0.4060422611289316,-0.3961637427380452,0.08897742300000001,0.08897742300000001
184,2007-07-15 - 2007-07-21,0.5862305999999999,0.096945552,-0.5340420514536249,-0.4113615756548501,-0.4060422611289316,0.099601593,0.08897742300000001
185,2007-07-22 - 2007-07-28,0.660686705,0.090305445,-0.4144755227460045,-0.6058344021629499,-0.4113615756548501,0.096945552,0.099601593
186,2007-07-29 - 2007-08-04,0.53409284,0.106241699,-0.6271855974555341,-0.5340420514536249,-0.6058344021629499,0.090305445,0.096945552
187,2007-08-05 - 2007-08-11,0.5855491270000001,0.098273572,-0.5352051934010879,-0.4144755227460045,-0.5340420514536249,0.106241699,0.090305445
188,2007-08-12 - 2007-08-18,0.618074959,0.122177954,-0.4811455359995741,-0.6271855974555341,-0.4144755227460045,0.098273572,0.106241699
189,2007-08-19 - 2007-08-25,0.687464689,0.111553785,-0.3747448122150008,-0.5352051934010879,-0.6271855974555341,0.122177954,0.098273572
190,2007-08-26 - 2007-09-01,0.715696068,0.122177954,-0.3344996881747113,-0.4811455359995741,-0.5352051934010879,0.111553785,0.122177954
191,2007-09-02 - 2007-09-08,0.8293130679999999,0.15537848699999998,-0.18715754978105145,-0.3747448122150008,-0.4811455359995741,0.122177954,0.111553785
192,2007-09-09 - 2007-09-15,0.800911545,0.142098273,-0.22200476872330835,-0.3344996881747113,-0.3747448122150008,0.15537848699999998,0.122177954
193,2007-09-16 - 2007-09-22,0.918483949,0.189907038,-0.08503084971100572,-0.18715754978105145,-0.3344996881747113,0.142098273,0.15537848699999998
194,2007-09-23 - 2007-09-29,0.814259035,0.180610889,-0.20547673878664927,-0.22200476872330835,-0.18715754978105145,0.189907038,0.142098273
195,2007-09-30 - 2007-10-06,1.071970841,0.250996016,0.06949886171896677,-0.08503084971100572,-0.22200476872330835,0.180610889,0.189907038
196,2007-10-07 - 2007-10-13,1.217857372,0.290836653,0.19709306226674225,-0.20547673878664927,-0.08503084971100572,0.250996016,0.180610889
197,2007-10-14 - 2007-10-20,1.24575535,0.300132802,0.2197420527718008,0.06949886171896677,-0.20547673878664927,0.290836653,0.250996016
198,2007-10-21 - 2007-10-27,1.359844882,0.282868527,0.3073706358899849,0.19709306226674225,0.06949886171896677,0.300132802,0.290836653
199,2007-10-28 - 2007-11-03,1.446708487,0.265604249,0.3692909670908899,0.2197420527718008,0.19709306226674225,0.282868527,0.300132802
200,2007-11-04 - 2007-11-10,1.532863846,0.316069057,0.4271377805507053,0.3073706358899849,0.2197420527718008,0.265604249,0.282868527
201,2007-11-11 - 2007-11-17,1.6665324259999998,0.306772909,0.5107450761221162,0.3692909670908899,0.3073706358899849,0.316069057,0.265604249
202,2007-11-18 - 2007-11-24,1.974877348,0.29747676,0.6805062941461779,0.4271377805507053,0.3692909670908899,0.306772909,0.316069057
203,2007-11-25 - 2007-12-01,1.673054716,0.313413015,0.5146511267896644,0.5107450761221162,0.4271377805507053,0.29747676,0.306772909
204,2007-12-02 - 2007-12-08,1.6340508619999998,0.345285525,0.4910621232483485,0.6805062941461779,0.5107450761221162,0.313413015,0.29747676
205,2007-12-09 - 2007-12-15,1.745947486,0.350597609,0.5572973802182459,0.5146511267896644,0.6805062941461779,0.345285525,0.313413015
206,2007-12-16 - 2007-12-22,1.936431919,0.375830013,0.6608470626286056,0.4910621232483485,0.5146511267896644,0.350597609,0.345285525
207,2007-12-23 - 2007-12-29,2.489053422,0.443559097,0.9119024863933712,0.5572973802182459,0.4910621232483485,0.375830013,0.350597609
208,2007-12-30 - 2008-01-05,2.254048393,0.504648074,0.8127278852185219,0.6608470626286056,0.5572973802182459,0.443559097,0.375830013
209,2008-01-06 - 2008-01-12,2.091471538,0.389110226,0.7378679033925076,0.9119024863933712,0.6608470626286056,0.504648074,0.443559097
210,2008-01-13 - 2008-01-19,2.359342781,0.35856573700000005,0.8583830976269128,0.8127278852185219,0.9119024863933712,0.389110226,0.504648074
211,2008-01-20 - 2008-01-26,3.323314295,0.378486056,1.2009625666031698,0.7378679033925076,0.8127278852185219,0.35856573700000005,0.389110226
212,2008-01-27 - 2008-02-02,4.433810035,0.41434263,1.4892592674707472,0.8583830976269128,0.7378679033925076,0.378486056,0.35856573700000005
213,2008-02-03 - 2008-02-09,5.345471365,0.524568392,1.676249728614866,1.2009625666031698,0.8583830976269128,0.41434263,0.378486056
214,2008-02-10 - 2008-02-16,5.422575059,0.548472776,1.6905708057623254,1.4892592674707472,1.2009625666031698,0.524568392,0.41434263
215,2008-02-17 - 2008-02-23,5.30303296,0.573705179,1.66827891348548,1.676249728614866,1.4892592674707472,0.548472776,0.524568392
216,2008-02-24 - 2008-03-01,4.244555023,0.483399735,1.4456369904762156,1.6905708057623254,1.676249728614866,0.573705179,0.548472776
217,2008-03-02 - 2008-03-08,3.628000122,0.403718459,1.2886815658802324,1.66827891348548,1.6905708057623254,0.483399735,0.573705179
218,2008-03-09 - 2008-03-15,3.034627507,0.337317397,1.110088684524522,1.4456369904762156,1.66827891348548,0.403718459,0.483399735
219,2008-03-16 - 2008-03-22,2.535953559,0.309428951,0.9305697237101392,1.2886815658802324,1.4456369904762156,0.337317397,0.403718459
220,2008-03-23 - 2008-03-29,2.057301477,0.317397078,0.7213951614290592,1.110088684524522,1.2886815658802324,0.309428951,0.337317397
221,2008-03-30 - 2008-04-05,1.7415035,0.252324037,0.554748820583599,0.9305697237101392,1.110088684524522,0.317397078,0.309428951
222,2008-04-06 - 2008-04-12,1.406521709,0.225763612,0.3411197835958122,0.7213951614290592,0.9305697237101392,0.252324037,0.317397078
223,2008-04-13 - 2008-04-19,1.268607037,0.195219124,0.2379194772620257,0.554748820583599,0.7213951614290592,0.225763612,0.252324037
224,2008-04-20 - 2008-04-26,1.07718874,0.181938911,0.07435462887430888,0.3411197835958122,0.554748820583599,0.195219124,0.225763612
225,2008-04-27 - 2008-05-03,0.993445237,0.176626826,-0.00657633979787401,0.2379194772620257,0.3411197835958122,0.181938911,0.195219124
226,2008-05-04 - 2008-05-10,0.911211928,0.146082338,-0.09297977650464173,0.07435462887430888,0.2379194772620257,0.176626826,0.181938911
227,2008-05-11 - 2008-05-17,0.972109133,0.150066401,-0.0282872040752892,-0.00657633979787401,0.07435462887430888,0.146082338,0.176626826
228,2008-05-18 - 2008-05-24,0.993257509,0.143426295,-0.006765324285801642,-0.09297977650464173,-0.00657633979787401,0.150066401,0.146082338
229,2008-05-25 - 2008-05-31,1.091320231,0.12881806099999998,0.08738818440546439,-0.0282872040752892,-0.09297977650464173,0.143426295,0.150066401
230,2008-06-01 - 2008-06-07,0.888445962,0.120849934,-0.1182814525954725,-0.006765324285801642,-0.0282872040752892,0.12881806099999998,0.143426295
231,2008-06-08 - 2008-06-14,0.887691452,0.123505976,-0.119131060333521,0.08738818440546439,-0.006765324285801642,0.120849934,0.12881806099999998
232,2008-06-15 - 2008-06-21,0.88318743,0.124833997,-0.1242178358975434,-0.1182814525954725,0.08738818440546439,0.123505976,0.120849934
233,2008-06-22 - 2008-06-28,0.826756368,0.130146083,-0.1902452247005488,-0.119131060333521,-0.1182814525954725,0.124833997,0.123505976
234,2008-06-29 - 2008-07-05,0.783201389,0.108897742,-0.24436541427404845,-0.1242178358975434,-0.119131060333521,0.130146083,0.124833997
235,2008-07-06 - 2008-07-12,0.780610295,0.124833997,-0.2476792357496983,-0.1902452247005488,-0.1242178358975434,0.108897742,0.130146083
236,2008-07-13 - 2008-07-19,0.769072603,0.106241699,-0.26256990170937944,-0.24436541427404845,-0.1902452247005488,0.124833997,0.108897742
237,2008-07-20 - 2008-07-26,0.721297937,0.092961487,-0.3267029995902839,-0.2476792357496983,-0.24436541427404845,0.106241699,0.124833997
238,2008-07-27 - 2008-08-02,0.752527328,0.106241699,-0.2843179667394566,-0.26256990170937944,-0.2476792357496983,0.092961487,0.106241699
239,2008-08-03 - 2008-08-09,0.752720985,0.102257636,-0.2840606576969605,-0.3267029995902839,-0.26256990170937944,0.106241699,0.092961487
240,2008-08-10 - 2008-08-16,0.79276601,0.131474103,-0.23222717024568976,-0.2843179667394566,-0.3267029995902839,0.102257636,0.106241699
241,2008-08-17 - 2008-08-23,0.7438961940000001,0.115537848,-0.29585377807699925,-0.2840606576969605,-0.2843179667394566,0.131474103,0.102257636
242,2008-08-24 - 2008-08-30,0.814166292,0.14741035800000002,-0.20559064391765228,-0.23222717024568976,-0.2840606576969605,0.115537848,0.131474103
243,2008-08-31 - 2008-09-06,0.838400872,0.168658699,-0.1762589253395643,-0.29585377807699925,-0.23222717024568976,0.14741035800000002,0.115537848
244,2008-09-07 - 2008-09-13,0.851123587,0.175298805,-0.1611979353360607,-0.20559064391765228,-0.29585377807699925,0.168658699,0.14741035800000002
245,2008-09-14 - 2008-09-20,1.109757547,0.240371847,0.10414156533965614,-0.1762589253395643,-0.20559064391765228,0.175298805,0.168658699
246,2008-09-21 - 2008-09-27,1.031143569,0.249667994,0.030668447522485105,-0.1611979353360607,-0.1762589253395643,0.240371847,0.175298805
247,2008-09-28 - 2008-10-04,1.022843566,0.250996016,0.02258655836546052,0.10414156533965614,-0.1611979353360607,0.249667994,0.240371847
248,2008-10-05 - 2008-10-11,1.030173949,0.276228419,0.029727670506768264,0.030668447522485105,0.10414156533965614,0.250996016,0.249667994
249,2008-10-12 - 2008-10-18,1.012447819,0.26162018600000003,0.012370981880367834,0.02258655836546052,0.030668447522485105,0.276228419,0.250996016
250,2008-10-19 - 2008-10-25,1.083591073,0.282868527,0.08028059291506015,0.029727670506768264,0.02258655836546052,0.26162018600000003,0.276228419
251,2008-10-26 - 2008-11-01,1.165776525,0.309428951,0.1533874100395423,0.012370981880367834,0.029727670506768264,0.282868527,0.26162018600000003
252,2008-11-02 - 2008-11-08,1.191296369,0.276228419,0.1750420998877016,0.08028059291506015,0.012370981880367834,0.309428951,0.282868527
253,2008-11-09 - 2008-11-15,1.280747033,0.314741035,0.2474435272231307,0.1533874100395423,0.08028059291506015,0.276228419,0.309428951
254,2008-11-16 - 2008-11-22,1.270525067,0.338645419,0.2394302536109956,0.1750420998877016,0.1533874100395423,0.314741035,0.276228419
255,2008-11-23 - 2008-11-29,1.595782485,0.321381142,0.467364202145634,0.2474435272231307,0.1750420998877016,0.338645419,0.314741035
256,2008-11-30 - 2008-12-06,1.4584994269999998,0.409030544,0.37740811745617536,0.2394302536109956,0.2474435272231307,0.321381142,0.338645419
257,2008-12-07 - 2008-12-13,1.499207175,0.363877822,0.4049364183763741,0.467364202145634,0.2394302536109956,0.409030544,0.321381142
258,2008-12-14 - 2008-12-20,1.629815696,0.367861885,0.4884669384871332,0.37740811745617536,0.467364202145634,0.363877822,0.409030544
259,2008-12-21 - 2008-12-27,2.155612119,0.422310757,0.7680747291619759,0.4049364183763741,0.37740811745617536,0.367861885,0.363877822
260,2008-12-28 - 2009-01-03,2.020527033,0.487383798,0.7033583848084326,0.4884669384871332,0.4049364183763741,0.422310757,0.367861885
261,2009-01-04 - 2009-01-10,1.545662274,0.386454183,0.4354524748135184,0.7680747291619759,0.4884669384871332,0.487383798,0.422310757
262,2009-01-11 - 2009-01-17,1.642236723,0.363877822,0.4960591681177888,0.7033583848084326,0.7680747291619759,0.386454183,0.487383798
263,2009-01-18 - 2009-01-24,1.965237798,0.325365206,0.6756132547931764,0.4354524748135184,0.7033583848084326,0.363877822,0.386454183
264,2009-01-25 - 2009-01-31,2.343678417,0.390438246,0.851721668190165,0.4960591681177888,0.4354524748135184,0.325365206,0.363877822
265,2009-02-01 - 2009-02-07,2.860574401,0.382470119,1.0510224441766962,0.6756132547931764,0.4960591681177888,0.390438246,0.325365206
266,2009-02-08 - 2009-02-14,3.3421049380000003,0.41434263,1.2066008294408623,0.851721668190165,0.6756132547931764,0.382470119,0.390438246
267,2009-02-15 - 2009-02-21,3.205658816,0.401062417,1.1649176280626676,1.0510224441766962,0.851721668190165,0.41434263,0.382470119
268,2009-02-22 - 2009-02-28,3.100490772,0.409030544,1.1315604125092202,1.2066008294408623,1.0510224441766962,0.401062417,0.41434263
269,2009-03-01 - 2009-03-07,2.958185018,0.365205844,1.084575910676017,1.1649176280626676,1.2066008294408623,0.409030544,0.401062417
270,2009-03-08 - 2009-03-14,2.463805844,0.326693227,0.9017072454886984,1.1315604125092202,1.1649176280626676,0.365205844,0.409030544
271,2009-03-15 - 2009-03-21,2.192722414,0.301460823,0.7851438832206799,1.084575910676017,1.1315604125092202,0.326693227,0.365205844
272,2009-03-22 - 2009-03-28,1.873945905,0.273572378,0.628046317337698,0.9017072454886984,1.084575910676017,0.301460823,0.326693227
273,2009-03-29 - 2009-04-04,1.648169014,0.247011953,0.4996649832675014,0.7851438832206799,0.9017072454886984,0.273572378,0.301460823
274,2009-04-05 - 2009-04-11,1.498777593,0.24435591,0.4046498378656755,0.628046317337698,0.7851438832206799,0.247011953,0.273572378
275,2009-04-12 - 2009-04-18,1.292326743,0.239043824,0.25644427044616297,0.4996649832675014,0.628046317337698,0.24435591,0.247011953
276,2009-04-19 - 2009-04-25,1.271641088,0.29880478,0.24030826158030136,0.4046498378656755,0.4996649832675014,0.239043824,0.24435591
277,2009-04-26 - 2009-05-02,2.981588964,0.555380978,1.0924563678076686,0.25644427044616297,0.4046498378656755,0.29880478,0.239043824
278,2009-05-03 - 2009-05-09,2.437022413,0.5551128820000001,0.8907769715642572,0.24030826158030136,0.25644427044616297,0.555380978,0.29880478
279,2009-05-10 - 2009-05-16,2.281301108,0.34794156600000004,0.8247459416045592,1.0924563678076686,0.24030826158030136,0.5551128820000001,0.555380978
280,2009-05-17 - 2009-05-23,3.81571987,0.325365206,1.339129341562303,0.8907769715642572,1.0924563678076686,0.34794156600000004,0.5551128820000001
281,2009-05-24 - 2009-05-30,4.21315232,0.294820717,1.438211137102391,0.8247459416045592,0.8907769715642572,0.325365206,0.34794156600000004
282,2009-05-31 - 2009-06-06,3.1783223730000003,0.28685259,1.156353501925259,1.339129341562303,0.8247459416045592,0.294820717,0.325365206
283,2009-06-07 - 2009-06-13,2.509716239,0.28685259,0.9201696945615768,1.438211137102391,1.339129341562303,0.28685259,0.294820717
284,2009-06-14 - 2009-06-20,2.06631768,0.355909695,0.7257681246075894,1.156353501925259,1.438211137102391,0.28685259,0.28685259
285,2009-06-21 - 2009-06-27,1.718046023,0.265604249,0.5411876119110525,0.9201696945615768,1.156353501925259,0.355909695,0.28685259
286,2009-06-28 - 2009-07-04,1.559646715,0.257636122,0.4444593308708437,0.7257681246075894,0.9201696945615768,0.265604249,0.355909695
287,2009-07-05 - 2009-07-11,1.308562869,0.284196547,0.2689294884521269,0.5411876119110525,0.7257681246075894,0.257636122,0.265604249
288,2009-07-12 - 2009-07-18,1.186945982,0.373173971,0.17138360658864066,0.4444593308708437,0.5411876119110525,0.284196547,0.257636122
289,2009-07-19 - 2009-07-25,1.137962303,0.351925631,0.12923920949642134,0.2689294884521269,0.4444593308708437,0.373173971,0.284196547
290,2009-07-26 - 2009-08-01,1.150052284,0.325365206,0.13980740568951264,0.17138360658864066,0.2689294884521269,0.351925631,0.373173971
291,2009-08-02 - 2009-08-08,1.112618943,0.30411686600000004,0.1067166443994307,0.12923920949642134,0.17138360658864066,0.325365206,0.351925631
292,2009-08-09 - 2009-08-15,1.16141884,0.381142099,0.14964239562551482,0.13980740568951264,0.12923920949642134,0.30411686600000004,0.325365206
293,2009-08-16 - 2009-08-22,1.641071386,0.308100929,0.4953493126852513,0.1067166443994307,0.13980740568951264,0.381142099,0.30411686600000004
294,2009-08-23 - 2009-08-29,2.471659795,0.346613546,0.9048899067426008,0.14964239562551482,0.1067166443994307,0.308100929,0.381142099
295,2009-08-30 - 2009-09-05,3.719693644,0.4116865870000001,1.3136413111303569,0.4953493126852513,0.14964239562551482,0.346613546,0.308100929
296,2009-09-06 - 2009-09-12,3.949747987,0.460823373,1.3736517761181817,0.9048899067426008,0.4953493126852513,0.4116865870000001,0.346613546
297,2009-09-13 - 2009-09-19,4.087563567,0.519256308,1.4079490876620806,1.3136413111303569,0.9048899067426008,0.460823373,0.4116865870000001
298,2009-09-20 - 2009-09-26,4.0189723630000005,0.6799468790000001,1.3910262388572048,1.3736517761181817,1.3136413111303569,0.519256308,0.460823373
299,2009-09-27 - 2009-10-03,4.603616409,0.678618858,1.5268421704902413,1.4079490876620806,1.3736517761181817,0.6799468790000001,0.519256308
300,2009-10-04 - 2009-10-10,5.660867064,0.743691898,1.7335770720019037,1.3910262388572048,1.4079490876620806,0.678618858,0.6799468790000001
301,2009-10-11 - 2009-10-17,6.815222177000001,0.7768924309999999,1.9191586657909705,1.5268421704902413,1.3910262388572048,0.743691898,0.678618858
302,2009-10-18 - 2009-10-24,7.618892134,1.0,2.03063096988967,1.7335770720019037,1.5268421704902413,0.7768924309999999,0.743691898
303,2009-10-25 - 2009-10-31,7.388358587999999,0.92695883,1.9999055977048832,1.9191586657909705,1.7335770720019037,1.0,0.7768924309999999
304,2009-11-01 - 2009-11-07,6.339272313,0.860557768,1.8467639847323984,2.03063096988967,1.9191586657909705,0.92695883,1.0
305,2009-11-08 - 2009-11-14,4.943494981000001,0.67065073,1.598072567081955,1.9999055977048832,2.03063096988967,0.860557768,0.92695883
306,2009-11-15 - 2009-11-21,3.809961197,0.569721115,1.3376190045723113,1.8467639847323984,1.9999055977048832,0.67065073,0.860557768
307,2009-11-22 - 2009-11-28,3.441058797,0.448871181,1.2357792138533172,1.598072567081955,1.8467639847323984,0.569721115,0.67065073
308,2009-11-29 - 2009-12-05,2.667730649,0.504648074,0.9812281668100359,1.3376190045723113,1.598072567081955,0.448871181,0.569721115
309,2009-12-06 - 2009-12-12,2.471825032,0.430278885,0.9049567571551514,1.2357792138533172,1.3376190045723113,0.504648074,0.448871181
310,2009-12-13 - 2009-12-19,2.344999526,0.4382470120000001,0.8522851997660261,0.9812281668100359,1.2357792138533172,0.430278885,0.504648074
311,2009-12-20 - 2009-12-26,2.714349832,0.501992032,0.998552452147914,0.9049567571551514,0.9812281668100359,0.4382470120000001,0.430278885
312,2009-12-27 - 2010-01-02,2.676671827,0.561752988,0.9845741671840944,0.8522851997660261,0.9049567571551514,0.501992032,0.4382470120000001
313,2010-01-03 - 2010-01-09,1.982838236,0.525896414,0.6845292708193838,0.998552452147914,0.8522851997660261,0.561752988,0.501992032
314,2010-01-10 - 2010-01-16,1.827486234,0.387782205,0.6029413799184872,0.9845741671840944,0.998552452147914,0.525896414,0.561752988
315,2010-01-17 - 2010-01-23,1.926056251,0.378486056,0.6554745190761305,0.6845292708193838,0.9845741671840944,0.387782205,0.525896414
316,2010-01-24 - 2010-01-30,1.924947173,0.393094289,0.65489852476579,0.6029413799184872,0.6845292708193838,0.378486056,0.387782205
317,2010-01-31 - 2010-02-06,2.088768425,0.419654714,0.7365746219537914,0.6554745190761305,0.6029413799184872,0.393094289,0.378486056
318,2010-02-07 - 2010-02-13,2.034340826,0.410358565,0.7101718479941344,0.65489852476579,0.6554745190761305,0.419654714,0.393094289
319,2010-02-14 - 2010-02-20,1.976494605,0.387782205,0.6813248741784013,0.7365746219537914,0.65489852476579,0.410358565,0.419654714
320,2010-02-21 - 2010-02-27,1.993617746,0.391766268,0.6899509510561301,0.7101718479941344,0.7365746219537914,0.387782205,0.410358565
321,2010-02-28 - 2010-03-06,1.853825964,0.377158034,0.6172515921873858,0.6813248741784013,0.7101718479941344,0.391766268,0.387782205
322,2010-03-07 - 2010-03-13,1.867303584,0.351925631,0.6244954565898477,0.6899509510561301,0.6813248741784013,0.377158034,0.391766268
323,2010-03-14 - 2010-03-20,1.699867664,0.34130146,0.5305504033262317,0.6172515921873858,0.6899509510561301,0.351925631,0.377158034
324,2010-03-21 - 2010-03-27,1.4974082030000002,0.328021248,0.4037357489615906,0.6244954565898477,0.6172515921873858,0.34130146,0.351925631
325,2010-03-28 - 2010-04-03,1.4511187719999998,0.281540504,0.3723348258243168,0.5305504033262317,0.6244954565898477,0.328021248,0.34130146
326,2010-04-04 - 2010-04-10,1.207147827,0.265604249,0.1882604093467143,0.4037357489615906,0.5305504033262317,0.281540504,0.328021248
327,2010-04-11 - 2010-04-17,1.174150805,0.253652059,0.16054516715980285,0.3723348258243168,0.4037357489615906,0.265604249,0.281540504
328,2010-04-18 - 2010-04-24,1.162066761,0.260292165,0.150200110307728,0.1882604093467143,0.3723348258243168,0.253652059,0.265604249
329,2010-04-25 - 2010-05-01,1.172134312,0.231075698,0.15882628527125822,0.16054516715980285,0.1882604093467143,0.260292165,0.253652059
330,2010-05-02 - 2010-05-08,1.121676534,0.219123506,0.1148244714181197,0.150200110307728,0.16054516715980285,0.231075698,0.260292165
331,2010-05-09 - 2010-05-15,1.149811626,0.245683931,0.13959812547964284,0.15882628527125822,0.150200110307728,0.219123506,0.231075698
332,2010-05-16 - 2010-05-22,1.133275798,0.216467463,0.1251123751947568,0.1148244714181197,0.15882628527125822,0.245683931,0.219123506
333,2010-05-23 - 2010-05-29,1.081713315,0.2124834,0.07854618690625746,0.13959812547964284,0.1148244714181197,0.216467463,0.245683931
334,2010-05-30 - 2010-06-05,1.1995860109999998,0.220451527,0.1819765064375933,0.1251123751947568,0.13959812547964284,0.2124834,0.216467463
335,2010-06-06 - 2010-06-12,0.95280826,0.200531208,-0.04834159179306556,0.07854618690625746,0.1251123751947568,0.220451527,0.2124834
336,2010-06-13 - 2010-06-19,0.916032113,0.193891102,-0.08770385706225722,0.1819765064375933,0.07854618690625746,0.200531208,0.220451527
337,2010-06-20 - 2010-06-26,0.926582173,0.16733067699999998,-0.07625254533855991,-0.04834159179306556,0.1819765064375933,0.193891102,0.200531208
338,2010-06-27 - 2010-07-03,0.869619712,0.177954847,-0.13969927553876593,-0.08770385706225722,-0.04834159179306556,0.16733067699999998,0.193891102
339,2010-07-04 - 2010-07-10,0.903133146,0.184594953,-0.10188528792963067,-0.07625254533855991,-0.08770385706225722,0.177954847,0.16733067699999998
340,2010-07-11 - 2010-07-17,0.7737756929999999,0.177954847,-0.2564732497188002,-0.13969927553876593,-0.07625254533855991,0.184594953,0.177954847
341,2010-07-18 - 2010-07-24,0.742774403,0.172642763,-0.29736291024813183,-0.10188528792963067,-0.13969927553876593,0.177954847,0.184594953
342,2010-07-25 - 2010-07-31,0.7309344759999999,0.16733067699999998,-0.3134314593648264,-0.2564732497188002,-0.10188528792963067,0.172642763,0.177954847
343,2010-08-01 - 2010-08-07,0.786881829,0.183266932,-0.2396771955873481,-0.29736291024813183,-0.2564732497188002,0.16733067699999998,0.172642763
344,2010-08-08 - 2010-08-14,0.76305068,0.20185923,-0.27043082788517603,-0.3134314593648264,-0.29736291024813183,0.183266932,0.16733067699999998
345,2010-08-15 - 2010-08-21,0.8410432059999999,0.199203187,-0.17311224577471404,-0.2396771955873481,-0.3134314593648264,0.20185923,0.183266932
346,2010-08-22 - 2010-08-28,0.791572794,0.200531208,-0.2337334342121948,-0.27043082788517603,-0.2396771955873481,0.199203187,0.20185923
347,2010-08-29 - 2010-09-04,0.91273176,0.224435591,-0.09131324221221117,-0.17311224577471404,-0.27043082788517603,0.200531208,0.199203187
348,2010-09-05 - 2010-09-11,1.033976471,0.282868527,0.03341202050818215,-0.2337334342121948,-0.17311224577471404,0.224435591,0.200531208
349,2010-09-12 - 2010-09-18,0.93400912,0.34130146,-0.06826907634700492,-0.09131324221221117,-0.2337334342121948,0.282868527,0.224435591
350,2010-09-19 - 2010-09-25,1.081888755,0.367861885,0.07870836090564222,0.03341202050818215,-0.09131324221221117,0.34130146,0.282868527
351,2010-09-26 - 2010-10-02,1.065626011,0.375830013,0.06356243022829743,-0.06826907634700492,0.03341202050818215,0.367861885,0.34130146
352,2010-10-03 - 2010-10-09,1.135052948,0.374501993,0.12667930006554262,0.07870836090564222,-0.06826907634700492,0.375830013,0.367861885
353,2010-10-10 - 2010-10-16,1.252562883,0.351925631,0.2251917587046283,0.06356243022829743,0.07870836090564222,0.374501993,0.375830013
354,2010-10-17 - 2010-10-23,1.245695571,0.386454183,0.2196940654729078,0.12667930006554262,0.06356243022829743,0.351925631,0.374501993
355,2010-10-24 - 2010-10-30,1.267737963,0.354581673,0.23723418087370954,0.2251917587046283,0.12667930006554262,0.386454183,0.351925631
356,2010-10-31 - 2010-11-06,1.43722946,0.370517928,0.3627172742380683,0.2196940654729078,0.2251917587046283,0.354581673,0.386454183
357,2010-11-07 - 2010-11-13,1.5334124690000002,0.41434263,0.4274956237125696,0.23723418087370954,0.2196940654729078,0.370517928,0.354581673
358,2010-11-14 - 2010-11-20,1.694454397,0.428950863,0.5273607993392957,0.3627172742380683,0.23723418087370954,0.41434263,0.370517928
359,2010-11-21 - 2010-11-27,1.991502439,0.413014608,0.6888893483438081,0.4274956237125696,0.3627172742380683,0.428950863,0.41434263
360,2010-11-28 - 2010-12-04,1.813045325,0.471447543,0.5950079314602192,0.5273607993392957,0.4274956237125696,0.413014608,0.428950863
361,2010-12-05 - 2010-12-11,2.014257897,0.504648074,0.7002508382334502,0.6888893483438081,0.5273607993392957,0.471447543,0.413014608
362,2010-12-12 - 2010-12-18,2.556591287,0.540504648,0.938674842704046,0.5950079314602192,0.6888893483438081,0.504648074,0.471447543
363,2010-12-19 - 2010-12-25,3.381848588,0.674634794,1.2184224795155796,0.7002508382334502,0.5950079314602192,0.540504648,0.504648074
364,2010-12-26 - 2011-01-01,3.431723114,0.806108898,1.2330625006321645,0.938674842704046,0.7002508382334502,0.674634794,0.540504648
365,2011-01-02 - 2011-01-08,2.691511109,0.759628153,0.9901027864485884,1.2184224795155796,0.938674842704046,0.806108898,0.674634794
366,2011-01-09 - 2011-01-15,2.9106289010000004,0.567065072,1.0683691750155777,1.2330625006321645,1.2184224795155796,0.759628153,0.806108898
367,2011-01-16 - 2011-01-22,3.492318947,0.519256308,1.2505659702898235,0.9901027864485884,1.2330625006321645,0.567065072,0.759628153
368,2011-01-23 - 2011-01-29,4.003696298,0.572377158,1.3872180089258943,1.0683691750155777,0.9901027864485884,0.519256308,0.567065072
369,2011-01-30 - 2011-02-05,4.435336764,0.536520584,1.4896035461369324,1.2505659702898235,1.0683691750155777,0.572377158,0.519256308
370,2011-02-06 - 2011-02-12,4.24214816,0.571049137,1.4450697824538237,1.3872180089258943,1.2505659702898235,0.536520584,0.572377158
371,2011-02-13 - 2011-02-19,4.397186147,0.563081009,1.4809648243037097,1.4896035461369324,1.3872180089258943,0.571049137,0.536520584
372,2011-02-20 - 2011-02-26,3.902556495,0.505976096,1.3616318499202176,1.4450697824538237,1.4896035461369324,0.563081009,0.571049137
373,2011-02-27 - 2011-03-05,3.150727519,0.479415671,1.1476333845834517,1.4809648243037097,1.4450697824538237,0.505976096,0.563081009
374,2011-03-06 - 2011-03-12,2.724223355,0.423638779,1.0021833801534474,1.3616318499202176,1.4809648243037097,0.479415671,0.505976096
375,2011-03-13 - 2011-03-19,2.33335625,0.361221779,0.8473076817675451,1.1476333845834517,1.3616318499202176,0.423638779,0.479415671
376,2011-03-20 - 2011-03-26,1.925000309,0.351925631,0.6549261282592153,1.0021833801534474,1.1476333845834517,0.361221779,0.423638779
377,2011-03-27 - 2011-04-02,1.752426036,0.32934927,0.5610011341857443,0.8473076817675451,1.0021833801534474,0.351925631,0.361221779
378,2011-04-03 - 2011-04-09,1.577036548,0.300132802,0.4555474833623185,0.6549261282592153,0.8473076817675451,0.32934927,0.351925631
379,2011-04-10 - 2011-04-16,1.35765577,0.292164674,0.30575951394091416,0.5610011341857443,0.6549261282592153,0.300132802,0.32934927
380,2011-04-17 - 2011-04-23,1.312230989,0.28552456800000003,0.27172873371440964,0.4555474833623185,0.5610011341857443,0.292164674,0.300132802
381,2011-04-24 - 2011-04-30,1.14937467,0.274900398,0.13921802926384613,0.30575951394091416,0.4555474833623185,0.28552456800000003,0.292164674
382,2011-05-01 - 2011-05-07,1.114505656,0.252324037,0.10841094875239854,0.27172873371440964,0.30575951394091416,0.274900398,0.28552456800000003
383,2011-05-08 - 2011-05-14,1.109844889,0.25498008,0.10422026592011012,0.13921802926384613,0.27172873371440964,0.252324037,0.274900398
384,2011-05-15 - 2011-05-21,1.052402556,0.264276229,0.05107569891537268,0.10841094875239854,0.13921802926384613,0.25498008,0.252324037
385,2011-05-22 - 2011-05-28,1.035364731,0.262948207,0.03475376174150663,0.10422026592011012,0.10841094875239854,0.264276229,0.25498008
386,2011-05-29 - 2011-06-04,1.117765822,0.233731739,0.11133189125431402,0.05107569891537268,0.10422026592011012,0.262948207,0.264276229
387,2011-06-05 - 2011-06-11,0.982949451,0.229747676,-0.017197583351491463,0.03475376174150663,0.05107569891537268,0.233731739,0.262948207
388,2011-06-12 - 2011-06-18,0.925194441,0.2124834,-0.07775135707351331,0.11133189125431402,0.03475376174150663,0.229747676,0.233731739
389,2011-06-19 - 2011-06-25,0.835531111,0.20185923,-0.17968769525454767,-0.017197583351491463,0.11133189125431402,0.2124834,0.229747676
390,2011-06-26 - 2011-07-02,0.832392665,0.184594953,-0.18345099637077608,-0.07775135707351331,-0.017197583351491463,0.20185923,0.2124834
391,2011-07-03 - 2011-07-09,0.855591007,0.189907038,-0.15596281258181302,-0.17968769525454767,-0.07775135707351331,0.184594953,0.20185923
392,2011-07-10 - 2011-07-16,0.7069494209999999,0.193891102,-0.3467961559558685,-0.18345099637077608,-0.17968769525454767,0.189907038,0.184594953
393,2011-07-17 - 2011-07-23,0.6943867990000001,0.215139442,-0.3647261264733833,-0.15596281258181302,-0.18345099637077608,0.193891102,0.189907038
394,2011-07-24 - 2011-07-30,0.6879761679999999,0.21381142,-0.3740010811836397,-0.3467961559558685,-0.15596281258181302,0.215139442,0.193891102
395,2011-07-31 - 2011-08-06,0.6447429889999999,0.205843294,-0.4389035082619688,-0.3647261264733833,-0.3467961559558685,0.21381142,0.215139442
396,2011-08-07 - 2011-08-13,0.6753298529999999,0.216467463,-0.3925540363593398,-0.3740010811836397,-0.3647261264733833,0.205843294,0.21381142
397,2011-08-14 - 2011-08-20,0.72822971,0.221779549,-0.3171387448420894,-0.4389035082619688,-0.3740010811836397,0.216467463,0.205843294
398,2011-08-21 - 2011-08-27,0.806526257,0.215139442,-0.2150188252202358,-0.3925540363593398,-0.4389035082619688,0.221779549,0.216467463
399,2011-08-28 - 2011-09-03,0.860408443,0.249667994,-0.1503480687589768,-0.3171387448420894,-0.3925540363593398,0.215139442,0.221779549
400,2011-09-04 - 2011-09-10,0.936075368,0.281540504,-0.06605928437869492,-0.2150188252202358,-0.3171387448420894,0.249667994,0.215139442
401,2011-09-11 - 2011-09-17,0.9666827,0.309428951,-0.03388496560633451,-0.1503480687589768,-0.2150188252202358,0.281540504,0.249667994
402,2011-09-18 - 2011-09-24,0.996007076,0.370517928,-0.0040009170051044565,-0.06605928437869492,-0.1503480687589768,0.309428951,0.281540504
403,2011-09-25 - 2011-10-01,1.108463519,0.410358565,0.10297483929361356,-0.03388496560633451,-0.06605928437869492,0.370517928,0.309428951
404,2011-10-02 - 2011-10-08,1.203085758,0.394422311,0.1848897212348023,-0.0040009170051044565,-0.03388496560633451,0.410358565,0.370517928
405,2011-10-09 - 2011-10-15,1.236956585,0.377158034,0.2126539957855439,0.10297483929361356,-0.0040009170051044565,0.394422311,0.410358565
406,2011-10-16 - 2011-10-22,1.252586494,0.391766268,0.2252106086783804,0.1848897212348023,0.10297483929361356,0.377158034,0.394422311
407,2011-10-23 - 2011-10-29,1.305461184,0.398406375,0.2665563760455467,0.2126539957855439,0.1848897212348023,0.391766268,0.377158034
408,2011-10-30 - 2011-11-05,1.452843154,0.405046481,0.3735224324435599,0.2252106086783804,0.2126539957855439,0.398406375,0.391766268
409,2011-11-06 - 2011-11-12,1.44089221,0.424966799,0.3652625119988793,0.2665563760455467,0.2252106086783804,0.405046481,0.398406375
410,2011-11-13 - 2011-11-19,1.4622115430000002,0.455511288,0.37995004511482894,0.3735224324435599,0.2665563760455467,0.424966799,0.405046481
411,2011-11-20 - 2011-11-26,1.655414675,0.413014608,0.504051536356771,0.3652625119988793,0.3735224324435599,0.455511288,0.424966799
412,2011-11-27 - 2011-12-03,1.4657229719999998,0.478087649,0.38234861698553896,0.37995004511482894,0.3652625119988793,0.413014608,0.455511288
413,2011-12-04 - 2011-12-10,1.518106133,0.4648074370000001,0.4174635928666909,0.504051536356771,0.37995004511482894,0.478087649,0.413014608
414,2011-12-11 - 2011-12-17,1.663954418,0.479415671,0.5091969489949749,0.38234861698553896,0.504051536356771,0.4648074370000001,0.478087649
415,2011-12-18 - 2011-12-24,1.852735566,0.537848605,0.6166632312374165,0.4174635928666909,0.38234861698553896,0.479415671,0.4648074370000001
416,2011-12-25 - 2011-12-31,2.124129916,0.618857901,0.7533622672341926,0.5091969489949749,0.4174635928666909,0.537848605,0.479415671
